<?xml version="1.0" encoding="UTF-8" ?>
<colourlist>
	<colour>
		<name>aliceblue</name>
		<red>240</red>
		<green>248</green>
		<blue>255</blue>
	</colour>
	<colour>
		<name>amethyst</name>
		<red>153</red>
		<green>102</green>
		<blue>204</blue>
	</colour>
	<colour>
		<name>antiquewhite</name>
		<red>250</red>
		<green>235</green>
		<blue>215</blue>
	</colour>
	<colour>
		<name>aqua</name>
		<red>0</red>
		<green>255</green>
		<blue>255</blue>
	</colour>
	<colour>
		<name>aquamarine</name>
		<red>127</red>
		<green>255</green>
		<blue>212</blue>
	</colour>
	<colour>
		<name>azure</name>
		<red>240</red>
		<green>255</green>
		<blue>255</blue>
	</colour>
	<colour>
		<name>beige</name>
		<red>245</red>
		<green>245</green>
		<blue>220</blue>
	</colour>
	<colour>
		<name>bisque</name>
		<red>255</red>
		<green>228</green>
		<blue>196</blue>
	</colour>
	<colour>
		<name>black</name>
		<red>0</red>
		<green>0</green>
		<blue>0</blue>
	</colour>
	<colour>
		<name>blanchedalmond</name>
		<red>255</red>
		<green>235</green>
		<blue>205</blue>
	</colour>
	<colour>
		<name>blue</name>
		<red>0</red>
		<green>0</green>
		<blue>255</blue>
	</colour>
	<colour>
		<name>blueviolet</name>
		<red>138</red>
		<green>43</green>
		<blue>226</blue>
	</colour>
	<colour>
		<name>brown</name>
		<red>165</red>
		<green>42</green>
		<blue>42</blue>
	</colour>
	<colour>
		<name>burlywood</name>
		<red>222</red>
		<green>184</green>
		<blue>135</blue>
	</colour>
	<colour>
		<name>cadetblue</name>
		<red>95</red>
		<green>158</green>
		<blue>160</blue>
	</colour>
	<colour>
		<name>chartreuse</name>
		<red>127</red>
		<green>255</green>
		<blue>0</blue>
	</colour>
	<colour>
		<name>chocolate</name>
		<red>210</red>
		<green>105</green>
		<blue>30</blue>
	</colour>
	<colour>
		<name>coral</name>
		<red>255</red>
		<green>127</green>
		<blue>80</blue>
	</colour>
	<colour>
		<name>cornflowerblue</name>
		<red>100</red>
		<green>149</green>
		<blue>237</blue>
	</colour>
	<colour>
		<name>cornsilk</name>
		<red>255</red>
		<green>248</green>
		<blue>220</blue>
	</colour>
	<colour>
		<name>crimson</name>
		<red>220</red>
		<green>20</green>
		<blue>60</blue>
	</colour>
	<colour>
		<name>cyan</name>
		<red>0</red>
		<green>255</green>
		<blue>255</blue>
	</colour>
	<colour>
		<name>darkblue</name>
		<red>0</red>
		<green>0</green>
		<blue>139</blue>
	</colour>
	<colour>
		<name>darkcyan</name>
		<red>0</red>
		<green>139</green>
		<blue>139</blue>
	</colour>
	<colour>
		<name>darkgoldenrod</name>
		<red>184</red>
		<green>134</green>
		<blue>11</blue>
	</colour>
	<colour>
		<name>darkgray</name>
		<red>169</red>
		<green>169</green>
		<blue>169</blue>
	</colour>
	<colour>
		<name>darkkhaki</name>
		<red>189</red>
		<green>183</green>
		<blue>107</blue>
	</colour>
	<colour>
		<name>darkmagenta</name>
		<red>139</red>
		<green>0</green>
		<blue>139</blue>
	</colour>
	<colour>
		<name>darkolivegreen</name>
		<red>85</red>
		<green>107</green>
		<blue>47</blue>
	</colour>
	<colour>
		<name>darkorange</name>
		<red>255</red>
		<green>140</green>
		<blue>0</blue>
	</colour>
	<colour>
		<name>darkorchid</name>
		<red>153</red>
		<green>50</green>
		<blue>204</blue>
	</colour>
	<colour>
		<name>darkred</name>
		<red>139</red>
		<green>0</green>
		<blue>0</blue>
	</colour>
	<colour>
		<name>darksalmon</name>
		<red>233</red>
		<green>150</green>
		<blue>122</blue>
	</colour>
	<colour>
		<name>darkseagreen</name>
		<red>143</red>
		<green>188</green>
		<blue>143</blue>
	</colour>
	<colour>
		<name>darkslateblue</name>
		<red>72</red>
		<green>61</green>
		<blue>139</blue>
	</colour>
	<colour>
		<name>darkslategray</name>
		<red>47</red>
		<green>79</green>
		<blue>79</blue>
	</colour>
	<colour>
		<name>darkslategrey</name>
		<red>47</red>
		<green>79</green>
		<blue>79</blue>
	</colour>
	<colour>
		<name>darkturquoise</name>
		<red>0</red>
		<green>206</green>
		<blue>209</blue>
	</colour>
	<colour>
		<name>darkviolet</name>
		<red>148</red>
		<green>0</green>
		<blue>211</blue>
	</colour>
	<colour>
		<name>deeppink</name>
		<red>255</red>
		<green>20</green>
		<blue>147</blue>
	</colour>
	<colour>
		<name>deepskyblue</name>
		<red>0</red>
		<green>191</green>
		<blue>255</blue>
	</colour>
	<colour>
		<name>dimgray</name>
		<red>105</red>
		<green>105</green>
		<blue>105</blue>
	</colour>
	<colour>
		<name>dimgrey</name>
		<red>105</red>
		<green>105</green>
		<blue>105</blue>
	</colour>
	<colour>
		<name>dodgerblue</name>
		<red>30</red>
		<green>144</green>
		<blue>255</blue>
	</colour>
	<colour>
		<name>firebrick</name>
		<red>178</red>
		<green>34</green>
		<blue>34</blue>
	</colour>
	<colour>
		<name>floralwhite</name>
		<red>255</red>
		<green>250</green>
		<blue>240</blue>
	</colour>
	<colour>
		<name>forestgreen</name>
		<red>34</red>
		<green>139</green>
		<blue>34</blue>
	</colour>
	<colour>
		<name>fuchsia</name>
		<red>255</red>
		<green>0</green>
		<blue>255</blue>
	</colour>
	<colour>
		<name>gainsboroug</name>
		<red>220</red>
		<green>220</green>
		<blue>220</blue>
	</colour>
	<colour>
		<name>gainsborough</name>
		<red>220</red>
		<green>220</green>
		<blue>220</blue>
	</colour>
	<colour>
		<name>ghostwhite</name>
		<red>248</red>
		<green>248</green>
		<blue>255</blue>
	</colour>
	<colour>
		<name>gold</name>
		<red>255</red>
		<green>215</green>
		<blue>0</blue>
	</colour>
	<colour>
		<name>goldenrod</name>
		<red>218</red>
		<green>165</green>
		<blue>32</blue>
	</colour>
	<colour>
		<name>gray</name>
		<red>128</red>
		<green>128</green>
		<blue>128</blue>
	</colour>
	<colour>
		<name>gray</name>
		<red>128</red>
		<green>128</green>
		<blue>128</blue>
	</colour>
	<colour>
		<name>green</name>
		<red>0</red>
		<green>128</green>
		<blue>0</blue>
	</colour>
	<colour>
		<name>greenyellow</name>
		<red>173</red>
		<green>255</green>
		<blue>47</blue>
	</colour>
	<colour>
		<name>honeydew</name>
		<red>240</red>
		<green>255</green>
		<blue>240</blue>
	</colour>
	<colour>
		<name>hotpink</name>
		<red>255</red>
		<green>105</green>
		<blue>180</blue>
	</colour>
	<colour>
		<name>indianred</name>
		<red>205</red>
		<green>92</green>
		<blue>92</blue>
	</colour>
	<colour>
		<name>indigo</name>
		<red>75</red>
		<green>0</green>
		<blue>130</blue>
	</colour>
	<colour>
		<name>ivory</name>
		<red>255</red>
		<green>255</green>
		<blue>240</blue>
	</colour>
	<colour>
		<name>khaki</name>
		<red>240</red>
		<green>230</green>
		<blue>140</blue>
	</colour>
	<colour>
		<name>lavender</name>
		<red>230</red>
		<green>230</green>
		<blue>250</blue>
	</colour>
	<colour>
		<name>lavenderblush</name>
		<red>255</red>
		<green>240</green>
		<blue>245</blue>
	</colour>
	<colour>
		<name>lawngreen</name>
		<red>142</red>
		<green>252</green>
		<blue>0</blue>
	</colour>
	<colour>
		<name>lemonchiffon</name>
		<red>255</red>
		<green>250</green>
		<blue>205</blue>
	</colour>
	<colour>
		<name>lightblue</name>
		<red>173</red>
		<green>216</green>
		<blue>230</blue>
	</colour>
	<colour>
		<name>lightcoral</name>
		<red>240</red>
		<green>128</green>
		<blue>128</blue>
	</colour>
	<colour>
		<name>lightcyan</name>
		<red>224</red>
		<green>255</green>
		<blue>255</blue>
	</colour>
	<colour>
		<name>lightgoldenrodyellow</name>
		<red>250</red>
		<green>250</green>
		<blue>210</blue>
	</colour>
	<colour>
		<name>lightgreen</name>
		<red>144</red>
		<green>238</green>
		<blue>144</blue>
	</colour>
	<colour>
		<name>lightgrey</name>
		<red>211</red>
		<green>211</green>
		<blue>211</blue>
	</colour>
	<colour>
		<name>lightpink</name>
		<red>255</red>
		<green>182</green>
		<blue>193</blue>
	</colour>
	<colour>
		<name>lightsalmon</name>
		<red>255</red>
		<green>160</green>
		<blue>122</blue>
	</colour>
	<colour>
		<name>lightseagreen</name>
		<red>32</red>
		<green>178</green>
		<blue>170</blue>
	</colour>
	<colour>
		<name>lightskyblue</name>
		<red>135</red>
		<green>206</green>
		<blue>250</blue>
	</colour>
	<colour>
		<name>lightslategray</name>
		<red>119</red>
		<green>136</green>
		<blue>153</blue>
	</colour>
	<colour>
		<name>lightsteelblue</name>
		<red>176</red>
		<green>196</green>
		<blue>222</blue>
	</colour>
	<colour>
		<name>lightyellow</name>
		<red>255</red>
		<green>255</green>
		<blue>224</blue>
	</colour>
	<colour>
		<name>lime</name>
		<red>0</red>
		<green>255</green>
		<blue>0</blue>
	</colour>
	<colour>
		<name>limegreen</name>
		<red>50</red>
		<green>205</green>
		<blue>50</blue>
	</colour>
	<colour>
		<name>linen</name>
		<red>250</red>
		<green>240</green>
		<blue>230</blue>
	</colour>
	<colour>
		<name>magenta</name>
		<red>255</red>
		<green>240</green>
		<blue>230</blue>
	</colour>
	<colour>
		<name>maroon</name>
		<red>128</red>
		<green>0</green>
		<blue>0</blue>
	</colour>
	<colour>
		<name>mediumaquamarine</name>
		<red>102</red>
		<green>205</green>
		<blue>170</blue>
	</colour>
	<colour>
		<name>mediumblue</name>
		<red>0</red>
		<green>0</green>
		<blue>205</blue>
	</colour>
	<colour>
		<name>mediumorchid</name>
		<red>186</red>
		<green>85</green>
		<blue>211</blue>
	</colour>
	<colour>
		<name>mediumpurple</name>
		<red>147</red>
		<green>112</green>
		<blue>219</blue>
	</colour>
	<colour>
		<name>mediumseagreen</name>
		<red>60</red>
		<green>179</green>
		<blue>113</blue>
	</colour>
	<colour>
		<name>mediumslateblue</name>
		<red>123</red>
		<green>104</green>
		<blue>238</blue>
	</colour>
	<colour>
		<name>mediumspringgreen</name>
		<red>0</red>
		<green>250</green>
		<blue>154</blue>
	</colour>
	<colour>
		<name>mediumturquoise</name>
		<red>72</red>
		<green>209</green>
		<blue>204</blue>
	</colour>
	<colour>
		<name>mediumvioletred</name>
		<red>199</red>
		<green>21</green>
		<blue>133</blue>
	</colour>
	<colour>
		<name>midnightblue</name>
		<red>25</red>
		<green>25</green>
		<blue>112</blue>
	</colour>
	<colour>
		<name>mintcream</name>
		<red>245</red>
		<green>255</green>
		<blue>250</blue>
	</colour>
	<colour>
		<name>mistyrose</name>
		<red>255</red>
		<green>228</green>
		<blue>181</blue>
	</colour>
	<colour>
		<name>moccasin</name>
		<red>255</red>
		<green>228</green>
		<blue>181</blue>
	</colour>
	<colour>
		<name>navajowhite</name>
		<red>255</red>
		<green>222</green>
		<blue>173</blue>
	</colour>
	<colour>
		<name>navy</name>
		<red>0</red>
		<green>0</green>
		<blue>128</blue>
	</colour>
	<colour>
		<name>oldlace</name>
		<red>253</red>
		<green>245</green>
		<blue>230</blue>
	</colour>
	<colour>
		<name>olive</name>
		<red>128</red>
		<green>128</green>
		<blue>0</blue>
	</colour>
	<colour>
		<name>olivedrab</name>
		<red>107</red>
		<green>142</green>
		<blue>35</blue>
	</colour>
	<colour>
		<name>orange</name>
		<red>255</red>
		<green>165</green>
		<blue>0</blue>
	</colour>
	<colour>
		<name>orangered</name>
		<red>255</red>
		<green>69</green>
		<blue>0</blue>
	</colour>
	<colour>
		<name>orchid</name>
		<red>218</red>
		<green>112</green>
		<blue>214</blue>
	</colour>
	<colour>
		<name>palegoldenrod</name>
		<red>238</red>
		<green>232</green>
		<blue>170</blue>
	</colour>
	<colour>
		<name>palegreen</name>
		<red>152</red>
		<green>251</green>
		<blue>152</blue>
	</colour>
	<colour>
		<name>paleturquoise</name>
		<red>175</red>
		<green>238</green>
		<blue>238</blue>
	</colour>
	<colour>
		<name>palevioletred</name>
		<red>219</red>
		<green>112</green>
		<blue>147</blue>
	</colour>
	<colour>
		<name>papayawhip</name>
		<red>255</red>
		<green>239</green>
		<blue>213</blue>
	</colour>
	<colour>
		<name>peachpuff</name>
		<red>255</red>
		<green>218</green>
		<blue>185</blue>
	</colour>
	<colour>
		<name>peru</name>
		<red>205</red>
		<green>133</green>
		<blue>63</blue>
	</colour>
	<colour>
		<name>pink</name>
		<red>255</red>
		<green>192</green>
		<blue>203</blue>
	</colour>
	<colour>
		<name>plum</name>
		<red>221</red>
		<green>160</green>
		<blue>221</blue>
	</colour>
	<colour>
		<name>powderblue</name>
		<red>176</red>
		<green>224</green>
		<blue>230</blue>
	</colour>
	<colour>
		<name>purple</name>
		<red>128</red>
		<green>0</green>
		<blue>128</blue>
	</colour>
	<colour>
		<name>red</name>
		<red>255</red>
		<green>0</green>
		<blue>0</blue>
	</colour>
	<colour>
		<name>rosybrown</name>
		<red>188</red>
		<green>143</green>
		<blue>143</blue>
	</colour>
	<colour>
		<name>royalblue</name>
		<red>65</red>
		<green>105</green>
		<blue>225</blue>
	</colour>
	<colour>
		<name>saddlebrown</name>
		<red>139</red>
		<green>69</green>
		<blue>19</blue>
	</colour>
	<colour>
		<name>salmon</name>
		<red>250</red>
		<green>128</green>
		<blue>114</blue>
	</colour>
	<colour>
		<name>sandybrown</name>
		<red>244</red>
		<green>164</green>
		<blue>96</blue>
	</colour>
	<colour>
		<name>seagreen</name>
		<red>46</red>
		<green>139</green>
		<blue>87</blue>
	</colour>
	<colour>
		<name>seashell</name>
		<red>255</red>
		<green>245</green>
		<blue>238</blue>
	</colour>
	<colour>
		<name>sienna</name>
		<red>160</red>
		<green>82</green>
		<blue>45</blue>
	</colour>
	<colour>
		<name>silver</name>
		<red>192</red>
		<green>192</green>
		<blue>192</blue>
	</colour>
	<colour>
		<name>skyblue</name>
		<red>135</red>
		<green>206</green>
		<blue>235</blue>
	</colour>
	<colour>
		<name>slateblue</name>
		<red>106</red>
		<green>90</green>
		<blue>205</blue>
	</colour>
	<colour>
		<name>slategray</name>
		<red>112</red>
		<green>128</green>
		<blue>144</blue>
	</colour>
	<colour>
		<name>slategray</name>
		<red>112</red>
		<green>128</green>
		<blue>144</blue>
	</colour>
	<colour>
		<name>snow</name>
		<red>255</red>
		<green>250</green>
		<blue>250</blue>
	</colour>
	<colour>
		<name>springgreen</name>
		<red>0</red>
		<green>255</green>
		<blue>127</blue>
	</colour>
	<colour>
		<name>steelblue</name>
		<red>70</red>
		<green>130</green>
		<blue>180</blue>
	</colour>
	<colour>
		<name>tan</name>
		<red>210</red>
		<green>180</green>
		<blue>140</blue>
	</colour>
	<colour>
		<name>teal</name>
		<red>0</red>
		<green>128</green>
		<blue>128</blue>
	</colour>
	<colour>
		<name>thistle</name>
		<red>216</red>
		<green>191</green>
		<blue>216</blue>
	</colour>
	<colour>
		<name>tomato</name>
		<red>255</red>
		<green>99</green>
		<blue>71</blue>
	</colour>
	<colour>
		<name>turquoise</name>
		<red>64</red>
		<green>224</green>
		<blue>208</blue>
	</colour>
	<colour>
		<name>violet</name>
		<red>238</red>
		<green>130</green>
		<blue>238</blue>
	</colour>
	<colour>
		<name>wheat</name>
		<red>245</red>
		<green>222</green>
		<blue>179</blue>
	</colour>
	<colour>
		<name>white</name>
		<red>255</red>
		<green>255</green>
		<blue>255</blue>
	</colour>
	<colour>
		<name>whitesmoke</name>
		<red>245</red>
		<green>245</green>
		<blue>245</blue>
	</colour>
	<colour>
		<name>yellow</name>
		<red>255</red>
		<green>255</green>
		<blue>0</blue>
	</colour>
	<colour>
		<name>yellowgreen</name>
		<red>154</red>
		<green>205</green>
		<blue>50</blue>
	</colour>
</colourlist>
